initial_alias,converted_alias,name,description,namespace
HSPA6,ENSG00000173110,HSPA6,heat shock protein family A (Hsp70) member 6 [Source:HGNC Symbol;Acc:HGNC:5239],"ENTREZGENE,GENECARDS,HGNC,UNIPROT_GN,WIKIGENE"
HSPA1A,ENSG00000204389,HSPA1A,heat shock protein family A (Hsp70) member 1A [Source:HGNC Symbol;Acc:HGNC:5232],"ENTREZGENE,GENECARDS,HGNC,UNIPROT_GN,WIKIGENE"
HSPA1B,ENSG00000204388,HSPA1B,heat shock protein family A (Hsp70) member 1B [Source:HGNC Symbol;Acc:HGNC:5233],"ENTREZGENE,GENECARDS,HGNC,UNIPROT_GN,WIKIGENE"
DNAJB1,ENSG00000132002,DNAJB1,DnaJ heat shock protein family (Hsp40) member B1 [Source:HGNC Symbol;Acc:HGNC:5270],"ENTREZGENE,GENECARDS,HGNC,UNIPROT_GN,WIKIGENE"
BAG3,ENSG00000151929,BAG3,BAG cochaperone 3 [Source:HGNC Symbol;Acc:HGNC:939],"ENTREZGENE,GENECARDS,HGNC,UNIPROT_GN,WIKIGENE"
PNLDC1,ENSG00000146453,PNLDC1,PARN like ribonuclease domain containing exonuclease 1 [Source:HGNC Symbol;Acc:HGNC:21185],"ENTREZGENE,GENECARDS,HGNC,UNIPROT_GN,WIKIGENE"
CRYAB,ENSG00000109846,CRYAB,crystallin alpha B [Source:HGNC Symbol;Acc:HGNC:2389],"ENTREZGENE,GENECARDS,HGNC,UNIPROT_GN,WIKIGENE"
HSPH1,ENSG00000120694,HSPH1,heat shock protein family H (Hsp110) member 1 [Source:HGNC Symbol;Acc:HGNC:16969],"ENTREZGENE,GENECARDS,HGNC,UNIPROT_GN,WIKIGENE"
FOS,ENSG00000170345,FOS,"Fos proto-oncogene, AP-1 transcription factor subunit [Source:HGNC Symbol;Acc:HGNC:3796]","ENTREZGENE,GENECARDS,HGNC,UNIPROT_GN,WIKIGENE"
ZFAND2A,ENSG00000178381,ZFAND2A,zinc finger AN1-type containing 2A [Source:HGNC Symbol;Acc:HGNC:28073],"ENTREZGENE,GENECARDS,HGNC,UNIPROT_GN,WIKIGENE"
RRAD,ENSG00000166592,RRAD,"RRAD, Ras related glycolysis inhibitor and calcium channel regulator [Source:HGNC Symbol;Acc:HGNC:10446]","ENTREZGENE,GENECARDS,HGNC,UNIPROT_GN,WIKIGENE"
LTA,ENSG00000226979,LTA,lymphotoxin alpha [Source:HGNC Symbol;Acc:HGNC:6709],"ENTREZGENE,GENECARDS,HGNC,UNIPROT_GN,WIKIGENE"
HSPA1L,ENSG00000204390,HSPA1L,heat shock protein family A (Hsp70) member 1 like [Source:HGNC Symbol;Acc:HGNC:5234],"ENTREZGENE,GENECARDS,HGNC,UNIPROT_GN,WIKIGENE"
DNAJB4,ENSG00000162616,DNAJB4,DnaJ heat shock protein family (Hsp40) member B4 [Source:HGNC Symbol;Acc:HGNC:14886],"ENTREZGENE,GENECARDS,HGNC,UNIPROT_GN,WIKIGENE"
DEDD2,ENSG00000160570,DEDD2,death effector domain containing 2 [Source:HGNC Symbol;Acc:HGNC:24450],"ENTREZGENE,GENECARDS,HGNC,UNIPROT_GN,WIKIGENE"
DCAF4L1,ENSG00000182308,DCAF4L1,DDB1 and CUL4 associated factor 4 like 1 [Source:HGNC Symbol;Acc:HGNC:27723],"ENTREZGENE,GENECARDS,HGNC,UNIPROT_GN,WIKIGENE"
PGF,ENSG00000119630,PGF,placental growth factor [Source:HGNC Symbol;Acc:HGNC:8893],"ENTREZGENE,GENECARDS,HGNC,UNIPROT_GN,WIKIGENE"
IER5,ENSG00000162783,IER5,immediate early response 5 [Source:HGNC Symbol;Acc:HGNC:5393],"ENTREZGENE,GENECARDS,HGNC,UNIPROT_GN,WIKIGENE"
HBA2,ENSG00000188536,HBA2,hemoglobin subunit alpha 2 [Source:HGNC Symbol;Acc:HGNC:4824],"ENTREZGENE,GENECARDS,HGNC,UNIPROT_GN,WIKIGENE"
FKBP4,ENSG00000004478,FKBP4,FKBP prolyl isomerase 4 [Source:HGNC Symbol;Acc:HGNC:3720],"ENTREZGENE,GENECARDS,HGNC,UNIPROT_GN,WIKIGENE"
MIA,ENSG00000261857,MIA,MIA SH3 domain containing [Source:HGNC Symbol;Acc:HGNC:7076],"ENTREZGENE,GENECARDS,HGNC,UNIPROT_GN,WIKIGENE"
TENT5A,ENSG00000112773,TENT5A,terminal nucleotidyltransferase 5A [Source:HGNC Symbol;Acc:HGNC:18345],"ENTREZGENE,GENECARDS,HGNC,UNIPROT_GN,WIKIGENE"
ACTRT3,ENSG00000184378,ACTRT3,actin related protein T3 [Source:HGNC Symbol;Acc:HGNC:24022],"ENTREZGENE,GENECARDS,HGNC,UNIPROT_GN,WIKIGENE"
RGS2,ENSG00000116741,RGS2,regulator of G protein signaling 2 [Source:HGNC Symbol;Acc:HGNC:9998],"ENTREZGENE,GENECARDS,HGNC,UNIPROT_GN,WIKIGENE"
VHLL,ENSG00000189030,VHLL,VHL like [Source:HGNC Symbol;Acc:HGNC:30666],"ENTREZGENE,GENECARDS,HGNC,UNIPROT_GN,WIKIGENE"
TEX43,ENSG00000196900,TEX43,testis expressed 43 [Source:HGNC Symbol;Acc:HGNC:33767],"ENTREZGENE,GENECARDS,HGNC,UNIPROT_GN,WIKIGENE"
SERPINH1,ENSG00000149257,SERPINH1,serpin family H member 1 [Source:HGNC Symbol;Acc:HGNC:1546],"ENTREZGENE,GENECARDS,HGNC,UNIPROT_GN,WIKIGENE"
FOSB,ENSG00000125740,FOSB,"FosB proto-oncogene, AP-1 transcription factor subunit [Source:HGNC Symbol;Acc:HGNC:3797]","ENTREZGENE,GENECARDS,HGNC,UNIPROT_GN,WIKIGENE"
RFPL2,ENSG00000128253,RFPL2,ret finger protein like 2 [Source:HGNC Symbol;Acc:HGNC:9979],"ENTREZGENE,GENECARDS,HGNC,UNIPROT_GN,WIKIGENE"
FBLL1,ENSG00000188573,FBLL1,fibrillarin like 1 [Source:HGNC Symbol;Acc:HGNC:35458],"ENTREZGENE,GENECARDS,HGNC,UNIPROT_GN,WIKIGENE"
LSMEM1,ENSG00000181016,LSMEM1,leucine rich single-pass membrane protein 1 [Source:HGNC Symbol;Acc:HGNC:22036],"ENTREZGENE,GENECARDS,HGNC,UNIPROT_GN,WIKIGENE"
CCDC121,ENSG00000176714,CCDC121,coiled-coil domain containing 121 [Source:HGNC Symbol;Acc:HGNC:25833],"ENTREZGENE,GENECARDS,HGNC,UNIPROT_GN,WIKIGENE"
HSPB1,ENSG00000106211,HSPB1,heat shock protein family B (small) member 1 [Source:HGNC Symbol;Acc:HGNC:5246],"ENTREZGENE,GENECARDS,HGNC,UNIPROT_GN,WIKIGENE"
NHLH1,ENSG00000171786,NHLH1,nescient helix-loop-helix 1 [Source:HGNC Symbol;Acc:HGNC:7817],"ENTREZGENE,GENECARDS,HGNC,UNIPROT_GN,WIKIGENE"
CCDC81,ENSG00000149201,CCDC81,coiled-coil domain containing 81 [Source:HGNC Symbol;Acc:HGNC:26281],"ENTREZGENE,GENECARDS,HGNC,UNIPROT_GN,WIKIGENE"
TULP2,ENSG00000104804,TULP2,TUB like protein 2 [Source:HGNC Symbol;Acc:HGNC:12424],"ENTREZGENE,GENECARDS,HGNC,UNIPROT_GN,WIKIGENE"
DNAJA4,ENSG00000140403,DNAJA4,DnaJ heat shock protein family (Hsp40) member A4 [Source:HGNC Symbol;Acc:HGNC:14885],"ENTREZGENE,GENECARDS,HGNC,UNIPROT_GN,WIKIGENE"
EGR2,ENSG00000122877,EGR2,early growth response 2 [Source:HGNC Symbol;Acc:HGNC:3239],"ENTREZGENE,GENECARDS,HGNC,UNIPROT_GN,WIKIGENE"
ALOXE3,ENSG00000179148,ALOXE3,arachidonate lipoxygenase 3 [Source:HGNC Symbol;Acc:HGNC:13743],"ENTREZGENE,GENECARDS,HGNC,UNIPROT_GN,WIKIGENE"
HSPB8,ENSG00000152137,HSPB8,heat shock protein family B (small) member 8 [Source:HGNC Symbol;Acc:HGNC:30171],"ENTREZGENE,GENECARDS,HGNC,UNIPROT_GN,WIKIGENE"
C2ORF66,ENSG00000187944,C2orf66,chromosome 2 open reading frame 66 [Source:HGNC Symbol;Acc:HGNC:33809],"ENTREZGENE,GENECARDS,HGNC,UNIPROT_GN,WIKIGENE"
TMEM95,ENSG00000182896,TMEM95,transmembrane protein 95 [Source:HGNC Symbol;Acc:HGNC:27898],"ENTREZGENE,GENECARDS,HGNC,UNIPROT_GN,WIKIGENE"
LCN10,ENSG00000187922,LCN10,lipocalin 10 [Source:HGNC Symbol;Acc:HGNC:20892],"ENTREZGENE,GENECARDS,HGNC,UNIPROT_GN,WIKIGENE"
PCSK5,ENSG00000099139,PCSK5,proprotein convertase subtilisin/kexin type 5 [Source:HGNC Symbol;Acc:HGNC:8747],"ENTREZGENE,GENECARDS,HGNC,UNIPROT_GN,WIKIGENE"
ADCY10,ENSG00000143199,ADCY10,adenylate cyclase 10 [Source:HGNC Symbol;Acc:HGNC:21285],"ENTREZGENE,GENECARDS,HGNC,UNIPROT_GN,WIKIGENE"
HSPA4L,ENSG00000164070,HSPA4L,heat shock protein family A (Hsp70) member 4 like [Source:HGNC Symbol;Acc:HGNC:17041],"ENTREZGENE,GENECARDS,HGNC,UNIPROT_GN,WIKIGENE"
SESN3,ENSG00000149212,SESN3,sestrin 3 [Source:HGNC Symbol;Acc:HGNC:23060],"ENTREZGENE,GENECARDS,HGNC,UNIPROT_GN,WIKIGENE"
CCL26,ENSG00000006606,CCL26,C-C motif chemokine ligand 26 [Source:HGNC Symbol;Acc:HGNC:10625],"ENTREZGENE,GENECARDS,HGNC,UNIPROT_GN,WIKIGENE"
CASS4,ENSG00000087589,CASS4,Cas scaffold protein family member 4 [Source:HGNC Symbol;Acc:HGNC:15878],"ENTREZGENE,GENECARDS,HGNC,UNIPROT_GN,WIKIGENE"
HSPE1-MOB4,ENSG00000270757,HSPE1-MOB4,HSPE1-MOB4 readthrough [Source:HGNC Symbol;Acc:HGNC:49184],"ENTREZGENE,GENECARDS,HGNC,UNIPROT_GN,WIKIGENE"
USPL1,ENSG00000132952,USPL1,ubiquitin specific peptidase like 1 [Source:HGNC Symbol;Acc:HGNC:20294],"ENTREZGENE,GENECARDS,HGNC,UNIPROT_GN,WIKIGENE"
LY6G6C,ENSG00000204421,LY6G6C,lymphocyte antigen 6 family member G6C [Source:HGNC Symbol;Acc:HGNC:13936],"ENTREZGENE,GENECARDS,HGNC,UNIPROT_GN,WIKIGENE"
ATF3,ENSG00000162772,ATF3,activating transcription factor 3 [Source:HGNC Symbol;Acc:HGNC:785],"ENTREZGENE,GENECARDS,HGNC,UNIPROT_GN,WIKIGENE"
EGR1,ENSG00000120738,EGR1,early growth response 1 [Source:HGNC Symbol;Acc:HGNC:3238],"ENTREZGENE,GENECARDS,HGNC,UNIPROT_GN,WIKIGENE"
DUSP1,ENSG00000120129,DUSP1,dual specificity phosphatase 1 [Source:HGNC Symbol;Acc:HGNC:3064],"ENTREZGENE,GENECARDS,HGNC,UNIPROT_GN,WIKIGENE"
MAFB,ENSG00000204103,MAFB,MAF bZIP transcription factor B [Source:HGNC Symbol;Acc:HGNC:6408],"ENTREZGENE,GENECARDS,HGNC,UNIPROT_GN,WIKIGENE"
FOXJ1,ENSG00000129654,FOXJ1,forkhead box J1 [Source:HGNC Symbol;Acc:HGNC:3816],"ENTREZGENE,GENECARDS,HGNC,UNIPROT_GN,WIKIGENE"
ENGASE,ENSG00000167280,ENGASE,endo-beta-N-acetylglucosaminidase [Source:HGNC Symbol;Acc:HGNC:24622],"ENTREZGENE,GENECARDS,HGNC,UNIPROT_GN,WIKIGENE"
COX8C,ENSG00000187581,COX8C,cytochrome c oxidase subunit 8C [Source:HGNC Symbol;Acc:HGNC:24382],"ENTREZGENE,GENECARDS,HGNC,UNIPROT_GN,WIKIGENE"
DEFB115,ENSG00000215547,DEFB115,defensin beta 115 [Source:HGNC Symbol;Acc:HGNC:18096],"ENTREZGENE,GENECARDS,HGNC,UNIPROT_GN,WIKIGENE"
DHDH,ENSG00000104808,DHDH,dihydrodiol dehydrogenase [Source:HGNC Symbol;Acc:HGNC:17887],"ENTREZGENE,GENECARDS,HGNC,UNIPROT_GN,WIKIGENE"
TICAM2,ENSG00000243414,TICAM2,TIR domain containing adaptor molecule 2 [Source:HGNC Symbol;Acc:HGNC:21354],"ENTREZGENE,GENECARDS,HGNC,UNIPROT_GN,WIKIGENE"
CSF3,ENSG00000108342,CSF3,colony stimulating factor 3 [Source:HGNC Symbol;Acc:HGNC:2438],"ENTREZGENE,GENECARDS,HGNC,UNIPROT_GN,WIKIGENE"
CLU,ENSG00000120885,CLU,clusterin [Source:HGNC Symbol;Acc:HGNC:2095],"ENTREZGENE,GENECARDS,HGNC,UNIPROT_GN,WIKIGENE"
CHRNA2,ENSG00000120903,CHRNA2,cholinergic receptor nicotinic alpha 2 subunit [Source:HGNC Symbol;Acc:HGNC:1956],"ENTREZGENE,GENECARDS,HGNC,UNIPROT_GN,WIKIGENE"
MIA-RAB4B,ENSG00000268975,MIA-RAB4B,MIA-RAB4B readthrough (NMD candidate) [Source:HGNC Symbol;Acc:HGNC:48352],"GENECARDS,HGNC,UNIPROT_GN"
C11ORF94,ENSG00000234776,FREY1,Frey regulator of sperm-oocyte fusion 1 [Source:HGNC Symbol;Acc:HGNC:37213],UNIPROT_GN
THEGL,ENSG00000249693,THEGL,theg spermatid protein like [Source:HGNC Symbol;Acc:HGNC:43771],"ENTREZGENE,GENECARDS,HGNC,UNIPROT_GN,WIKIGENE"
CHORDC1,ENSG00000110172,CHORDC1,cysteine and histidine rich domain containing 1 [Source:HGNC Symbol;Acc:HGNC:14525],"ENTREZGENE,GENECARDS,HGNC,UNIPROT_GN,WIKIGENE"
DUX4,ENSG00000260596,DUX4,double homeobox 4 [Source:HGNC Symbol;Acc:HGNC:50800],"ENTREZGENE,GENECARDS,HGNC,UNIPROT_GN,WIKIGENE"
CCNP,ENSG00000105219,CCNP,cyclin P [Source:HGNC Symbol;Acc:HGNC:25805],"ENTREZGENE,GENECARDS,HGNC,UNIPROT_GN,WIKIGENE"
HSPB9,ENSG00000260325,HSPB9,heat shock protein family B (small) member 9 [Source:HGNC Symbol;Acc:HGNC:30589],"ENTREZGENE,GENECARDS,HGNC,UNIPROT_GN,WIKIGENE"
SUMO4,ENSG00000177688,SUMO4,small ubiquitin like modifier 4 [Source:HGNC Symbol;Acc:HGNC:21181],"ENTREZGENE,GENECARDS,HGNC,UNIPROT_GN,WIKIGENE"
FAM177B,ENSG00000197520,FAM177B,family with sequence similarity 177 member B [Source:HGNC Symbol;Acc:HGNC:34395],"ENTREZGENE,GENECARDS,HGNC,UNIPROT_GN,WIKIGENE"
B3GALT4,ENSG00000235863,B3GALT4,"beta-1,3-galactosyltransferase 4 [Source:HGNC Symbol;Acc:HGNC:919]","ENTREZGENE,GENECARDS,HGNC,UNIPROT_GN,WIKIGENE"
CACNA1G,ENSG00000006283,CACNA1G,calcium voltage-gated channel subunit alpha1 G [Source:HGNC Symbol;Acc:HGNC:1394],"ENTREZGENE,GENECARDS,HGNC,UNIPROT_GN,WIKIGENE"
RASD1,ENSG00000108551,RASD1,ras related dexamethasone induced 1 [Source:HGNC Symbol;Acc:HGNC:15828],"ENTREZGENE,GENECARDS,HGNC,UNIPROT_GN,WIKIGENE"
KLHL25,ENSG00000183655,KLHL25,kelch like family member 25 [Source:HGNC Symbol;Acc:HGNC:25732],"ENTREZGENE,GENECARDS,HGNC,UNIPROT_GN,WIKIGENE"
HSPB2,ENSG00000170276,HSPB2,heat shock protein family B (small) member 2 [Source:HGNC Symbol;Acc:HGNC:5247],"ENTREZGENE,GENECARDS,HGNC,UNIPROT_GN,WIKIGENE"
FZD8,ENSG00000177283,FZD8,frizzled class receptor 8 [Source:HGNC Symbol;Acc:HGNC:4046],"ENTREZGENE,GENECARDS,HGNC,UNIPROT_GN,WIKIGENE"
IGLV1-50,ENSG00000211645,IGLV1-50,immunoglobulin lambda variable 1-50 (non-functional) [Source:HGNC Symbol;Acc:HGNC:5881],"GENECARDS,HGNC,UNIPROT_GN"
SERPINC1,ENSG00000117601,SERPINC1,serpin family C member 1 [Source:HGNC Symbol;Acc:HGNC:775],"ENTREZGENE,GENECARDS,HGNC,UNIPROT_GN,WIKIGENE"
C11ORF96,ENSG00000187479,C11orf96,chromosome 11 open reading frame 96 [Source:HGNC Symbol;Acc:HGNC:38675],"ENTREZGENE,GENECARDS,HGNC,UNIPROT_GN,WIKIGENE"
CFAP53,ENSG00000172361,CFAP53,cilia and flagella associated protein 53 [Source:HGNC Symbol;Acc:HGNC:26530],"ENTREZGENE,GENECARDS,HGNC,UNIPROT_GN,WIKIGENE"
TMPRSS9,ENSG00000178297,TMPRSS9,transmembrane serine protease 9 [Source:HGNC Symbol;Acc:HGNC:30079],"ENTREZGENE,GENECARDS,HGNC,UNIPROT_GN,WIKIGENE"
H1-6,ENSG00000187475,H1-6,"H1.6 linker histone, cluster member [Source:HGNC Symbol;Acc:HGNC:4720]","ENTREZGENE,GENECARDS,HGNC,UNIPROT_GN,WIKIGENE"
GAL3ST1,ENSG00000128242,GAL3ST1,galactose-3-O-sulfotransferase 1 [Source:HGNC Symbol;Acc:HGNC:24240],"ENTREZGENE,GENECARDS,HGNC,UNIPROT_GN,WIKIGENE"
ARC,ENSG00000198576,ARC,activity regulated cytoskeleton associated protein [Source:HGNC Symbol;Acc:HGNC:648],"ENTREZGENE,GENECARDS,HGNC,UNIPROT_GN,WIKIGENE"
FBXW10B,ENSG00000241322,FBXW10B,F-box and WD repeat domain containing 10B [Source:HGNC Symbol;Acc:HGNC:14379],"ENTREZGENE,GENECARDS,HGNC,UNIPROT_GN,WIKIGENE"
IFI35,ENSG00000068079,IFI35,interferon induced protein 35 [Source:HGNC Symbol;Acc:HGNC:5399],"ENTREZGENE,GENECARDS,HGNC,UNIPROT_GN,WIKIGENE"
LGALS4,ENSG00000171747,LGALS4,galectin 4 [Source:HGNC Symbol;Acc:HGNC:6565],"ENTREZGENE,GENECARDS,HGNC,UNIPROT_GN,WIKIGENE"
DEPP1,ENSG00000165507,DEPP1,DEPP autophagy regulator 1 [Source:HGNC Symbol;Acc:HGNC:23355],"ENTREZGENE,GENECARDS,HGNC,UNIPROT_GN,WIKIGENE"
CFP,ENSG00000126759,CFP,complement factor properdin [Source:HGNC Symbol;Acc:HGNC:8864],"ENTREZGENE,GENECARDS,HGNC,UNIPROT_GN,WIKIGENE"
CD14,ENSG00000170458,CD14,CD14 molecule [Source:HGNC Symbol;Acc:HGNC:1628],"ENTREZGENE,GENECARDS,HGNC,UNIPROT_GN,WIKIGENE"
TMEM31,ENSG00000179363,TMEM31,transmembrane protein 31 [Source:HGNC Symbol;Acc:HGNC:28601],"ENTREZGENE,GENECARDS,HGNC,UNIPROT_GN,WIKIGENE"
EGR3,ENSG00000179388,EGR3,early growth response 3 [Source:HGNC Symbol;Acc:HGNC:3240],"ENTREZGENE,GENECARDS,HGNC,UNIPROT_GN,WIKIGENE"
MAFA,ENSG00000182759,MAFA,MAF bZIP transcription factor A [Source:HGNC Symbol;Acc:HGNC:23145],"ENTREZGENE,GENECARDS,HGNC,UNIPROT_GN,WIKIGENE"
HBA1,ENSG00000206172,HBA1,hemoglobin subunit alpha 1 [Source:HGNC Symbol;Acc:HGNC:4823],"ENTREZGENE,GENECARDS,HGNC,UNIPROT_GN,WIKIGENE"
SPACDR,ENSG00000185955,SPACDR,sperm acrosome developmental regulator [Source:HGNC Symbol;Acc:HGNC:22135],"ENTREZGENE,GENECARDS,HGNC,UNIPROT_GN,WIKIGENE"
GEM,ENSG00000164949,GEM,GTP binding protein overexpressed in skeletal muscle [Source:HGNC Symbol;Acc:HGNC:4234],"ENTREZGENE,GENECARDS,HGNC,UNIPROT_GN,WIKIGENE"
NR4A3,ENSG00000119508,NR4A3,nuclear receptor subfamily 4 group A member 3 [Source:HGNC Symbol;Acc:HGNC:7982],"ENTREZGENE,GENECARDS,HGNC,UNIPROT_GN,WIKIGENE"
SERINC4,ENSG00000184716,SERINC4,serine incorporator 4 [Source:HGNC Symbol;Acc:HGNC:32237],"ENTREZGENE,GENECARDS,HGNC,UNIPROT_GN,WIKIGENE"
TNF,ENSG00000232810,TNF,tumor necrosis factor [Source:HGNC Symbol;Acc:HGNC:11892],"ENTREZGENE,GENECARDS,HGNC,UNIPROT_GN,WIKIGENE"
HSP90AA1,ENSG00000080824,HSP90AA1,heat shock protein 90 alpha family class A member 1 [Source:HGNC Symbol;Acc:HGNC:5253],"ENTREZGENE,GENECARDS,HGNC,UNIPROT_GN,WIKIGENE"
DNAJA1,ENSG00000086061,DNAJA1,DnaJ heat shock protein family (Hsp40) member A1 [Source:HGNC Symbol;Acc:HGNC:5229],"ENTREZGENE,GENECARDS,HGNC,UNIPROT_GN,WIKIGENE"
JMJD6,ENSG00000070495,JMJD6,"jumonji domain containing 6, arginine demethylase and lysine hydroxylase [Source:HGNC Symbol;Acc:HGNC:19355]","ENTREZGENE,GENECARDS,HGNC,UNIPROT_GN,WIKIGENE"
RSPH10B2,ENSG00000169402,RSPH10B2,radial spoke head 10 homolog B2 [Source:HGNC Symbol;Acc:HGNC:34385],"ENTREZGENE,GENECARDS,HGNC,UNIPROT_GN,WIKIGENE"
ESR1,ENSG00000091831,ESR1,estrogen receptor 1 [Source:HGNC Symbol;Acc:HGNC:3467],"ENTREZGENE,GENECARDS,HGNC,UNIPROT_GN,WIKIGENE"
XIRP1,ENSG00000168334,XIRP1,xin actin binding repeat containing 1 [Source:HGNC Symbol;Acc:HGNC:14301],"ENTREZGENE,GENECARDS,HGNC,UNIPROT_GN,WIKIGENE"
COL26A1,ENSG00000160963,COL26A1,collagen type XXVI alpha 1 chain [Source:HGNC Symbol;Acc:HGNC:18038],"ENTREZGENE,GENECARDS,HGNC,UNIPROT_GN,WIKIGENE"
LAG3,ENSG00000089692,LAG3,lymphocyte activating 3 [Source:HGNC Symbol;Acc:HGNC:6476],"ENTREZGENE,GENECARDS,HGNC,UNIPROT_GN,WIKIGENE"
SEMA4A,ENSG00000196189,SEMA4A,semaphorin 4A [Source:HGNC Symbol;Acc:HGNC:10729],"ENTREZGENE,GENECARDS,HGNC,UNIPROT_GN,WIKIGENE"
EFCAB12,ENSG00000172771,EFCAB12,EF-hand calcium binding domain 12 [Source:HGNC Symbol;Acc:HGNC:28061],"ENTREZGENE,GENECARDS,HGNC,UNIPROT_GN,WIKIGENE"
OOEP,ENSG00000203907,OOEP,oocyte expressed protein [Source:HGNC Symbol;Acc:HGNC:21382],"ENTREZGENE,GENECARDS,HGNC,UNIPROT_GN,WIKIGENE"
CLDN9,ENSG00000213937,CLDN9,claudin 9 [Source:HGNC Symbol;Acc:HGNC:2051],"ENTREZGENE,GENECARDS,HGNC,UNIPROT_GN,WIKIGENE"
UCP3,ENSG00000175564,UCP3,uncoupling protein 3 [Source:HGNC Symbol;Acc:HGNC:12519],"ENTREZGENE,GENECARDS,HGNC,UNIPROT_GN,WIKIGENE"
LENEP,ENSG00000163352,LENEP,lens epithelial protein [Source:HGNC Symbol;Acc:HGNC:14429],"ENTREZGENE,GENECARDS,HGNC,UNIPROT_GN,WIKIGENE"
CLDN6,ENSG00000184697,CLDN6,claudin 6 [Source:HGNC Symbol;Acc:HGNC:2048],"ENTREZGENE,GENECARDS,HGNC,UNIPROT_GN,WIKIGENE"
SULT6B1,ENSG00000138068,SULT6B1,sulfotransferase family 6B member 1 [Source:HGNC Symbol;Acc:HGNC:33433],"ENTREZGENE,GENECARDS,HGNC,UNIPROT_GN,WIKIGENE"
PNCK,ENSG00000130822,PNCK,pregnancy up-regulated nonubiquitous CaM kinase [Source:HGNC Symbol;Acc:HGNC:13415],"ENTREZGENE,GENECARDS,HGNC,UNIPROT_GN,WIKIGENE"
IGHG4,ENSG00000211892,IGHG4,immunoglobulin heavy constant gamma 4 (G4m marker) [Source:HGNC Symbol;Acc:HGNC:5528],"GENECARDS,HGNC,UNIPROT_GN"
FOXD4L3,ENSG00000187559,FOXD4L3,forkhead box D4 like 3 [Source:HGNC Symbol;Acc:HGNC:18523],"ENTREZGENE,GENECARDS,HGNC,UNIPROT_GN,WIKIGENE"
CLK1,ENSG00000013441,CLK1,CDC like kinase 1 [Source:HGNC Symbol;Acc:HGNC:2068],"ENTREZGENE,GENECARDS,HGNC,UNIPROT_GN,WIKIGENE"
C17ORF67,ENSG00000214226,C17orf67,chromosome 17 open reading frame 67 [Source:HGNC Symbol;Acc:HGNC:27900],"ENTREZGENE,GENECARDS,HGNC,UNIPROT_GN,WIKIGENE"
BMP4,ENSG00000125378,BMP4,bone morphogenetic protein 4 [Source:HGNC Symbol;Acc:HGNC:1071],"ENTREZGENE,GENECARDS,HGNC,UNIPROT_GN,WIKIGENE"
JUN,ENSG00000177606,JUN,"Jun proto-oncogene, AP-1 transcription factor subunit [Source:HGNC Symbol;Acc:HGNC:6204]","ENTREZGENE,GENECARDS,HGNC,UNIPROT_GN,WIKIGENE"
TRIML2,ENSG00000179046,TRIML2,tripartite motif family like 2 [Source:HGNC Symbol;Acc:HGNC:26378],"ENTREZGENE,GENECARDS,HGNC,UNIPROT_GN,WIKIGENE"
LRIT3,ENSG00000183423,LRIT3,"leucine rich repeat, Ig-like and transmembrane domains 3 [Source:HGNC Symbol;Acc:HGNC:24783]","ENTREZGENE,GENECARDS,HGNC,UNIPROT_GN,WIKIGENE"
MRPL18,ENSG00000112110,MRPL18,mitochondrial ribosomal protein L18 [Source:HGNC Symbol;Acc:HGNC:14477],"ENTREZGENE,GENECARDS,HGNC,UNIPROT_GN,WIKIGENE"
OR2B6,ENSG00000124657,OR2B6,olfactory receptor family 2 subfamily B member 6 [Source:HGNC Symbol;Acc:HGNC:8241],"ENTREZGENE,GENECARDS,HGNC,UNIPROT_GN,WIKIGENE"
MAP7D2,ENSG00000184368,MAP7D2,MAP7 domain containing 2 [Source:HGNC Symbol;Acc:HGNC:25899],"ENTREZGENE,GENECARDS,HGNC,UNIPROT_GN,WIKIGENE"
IL31,ENSG00000204671,IL31,interleukin 31 [Source:HGNC Symbol;Acc:HGNC:19372],"ENTREZGENE,GENECARDS,HGNC,UNIPROT_GN,WIKIGENE"
KCNE5,ENSG00000176076,KCNE5,potassium voltage-gated channel subfamily E regulatory subunit 5 [Source:HGNC Symbol;Acc:HGNC:6241],"ENTREZGENE,GENECARDS,HGNC,UNIPROT_GN,WIKIGENE"
PLA2G12B,ENSG00000138308,PLA2G12B,phospholipase A2 group XIIB [Source:HGNC Symbol;Acc:HGNC:18555],"ENTREZGENE,GENECARDS,HGNC,UNIPROT_GN,WIKIGENE"
CCL20,ENSG00000115009,CCL20,C-C motif chemokine ligand 20 [Source:HGNC Symbol;Acc:HGNC:10619],"ENTREZGENE,GENECARDS,HGNC,UNIPROT_GN,WIKIGENE"
GAS1,ENSG00000180447,GAS1,growth arrest specific 1 [Source:HGNC Symbol;Acc:HGNC:4165],"ENTREZGENE,GENECARDS,HGNC,UNIPROT_GN,WIKIGENE"
NCR3,ENSG00000204475,NCR3,natural cytotoxicity triggering receptor 3 [Source:HGNC Symbol;Acc:HGNC:19077],"ENTREZGENE,GENECARDS,HGNC,UNIPROT_GN,WIKIGENE"
SLC6A13,ENSG00000010379,SLC6A13,solute carrier family 6 member 13 [Source:HGNC Symbol;Acc:HGNC:11046],"ENTREZGENE,GENECARDS,HGNC,UNIPROT_GN,WIKIGENE"
MGARP,ENSG00000137463,MGARP,mitochondria localized glutamic acid rich protein [Source:HGNC Symbol;Acc:HGNC:29969],"ENTREZGENE,GENECARDS,HGNC,UNIPROT_GN,WIKIGENE"
C4ORF47,ENSG00000205129,C4orf47,chromosome 4 open reading frame 47 [Source:HGNC Symbol;Acc:HGNC:34346],"ENTREZGENE,GENECARDS,HGNC,UNIPROT_GN,WIKIGENE"
CLEC18B,ENSG00000140839,CLEC18B,C-type lectin domain family 18 member B [Source:HGNC Symbol;Acc:HGNC:33849],"ENTREZGENE,GENECARDS,HGNC,UNIPROT_GN,WIKIGENE"
FRG2B,ENSG00000225899,FRG2B,FSHD region gene 2 family member B [Source:HGNC Symbol;Acc:HGNC:33518],"ENTREZGENE,GENECARDS,HGNC,UNIPROT_GN,WIKIGENE"
SPDYA,ENSG00000163806,SPDYA,speedy/RINGO cell cycle regulator family member A [Source:HGNC Symbol;Acc:HGNC:30613],"ENTREZGENE,GENECARDS,HGNC,UNIPROT_GN,WIKIGENE"
WDR49,ENSG00000174776,WDR49,WD repeat domain 49 [Source:HGNC Symbol;Acc:HGNC:26587],"ENTREZGENE,GENECARDS,HGNC,UNIPROT_GN,WIKIGENE"
HIBCH,ENSG00000198130,HIBCH,3-hydroxyisobutyryl-CoA hydrolase [Source:HGNC Symbol;Acc:HGNC:4908],"ENTREZGENE,GENECARDS,HGNC,UNIPROT_GN,WIKIGENE"
SLC5A3,ENSG00000198743,SLC5A3,solute carrier family 5 member 3 [Source:HGNC Symbol;Acc:HGNC:11038],"ENTREZGENE,GENECARDS,HGNC,WIKIGENE"
FBXL14,ENSG00000171823,FBXL14,F-box and leucine rich repeat protein 14 [Source:HGNC Symbol;Acc:HGNC:28624],"ENTREZGENE,GENECARDS,HGNC,UNIPROT_GN,WIKIGENE"
N4BP2L1,ENSG00000139597,N4BP2L1,NEDD4 binding protein 2 like 1 [Source:HGNC Symbol;Acc:HGNC:25037],"ENTREZGENE,GENECARDS,HGNC,UNIPROT_GN,WIKIGENE"
RASL11A,ENSG00000122035,RASL11A,RAS like family 11 member A [Source:HGNC Symbol;Acc:HGNC:23802],"ENTREZGENE,GENECARDS,HGNC,UNIPROT_GN,WIKIGENE"
DYNLT2,ENSG00000184786,DYNLT2,dynein light chain Tctex-type 2 [Source:HGNC Symbol;Acc:HGNC:11695],"ENTREZGENE,GENECARDS,HGNC,UNIPROT_GN,WIKIGENE"
RSPH10B,ENSG00000155026,RSPH10B,radial spoke head 10 homolog B [Source:HGNC Symbol;Acc:HGNC:27362],"ENTREZGENE,GENECARDS,HGNC,UNIPROT_GN,WIKIGENE"
NOXRED1,ENSG00000165555,NOXRED1,NADP dependent oxidoreductase domain containing 1 [Source:HGNC Symbol;Acc:HGNC:20487],"ENTREZGENE,GENECARDS,HGNC,UNIPROT_GN,WIKIGENE"
PLPPR5,ENSG00000117598,PLPPR5,phospholipid phosphatase related 5 [Source:HGNC Symbol;Acc:HGNC:31703],"ENTREZGENE,GENECARDS,HGNC,UNIPROT_GN,WIKIGENE"
GPA33,ENSG00000143167,GPA33,glycoprotein A33 [Source:HGNC Symbol;Acc:HGNC:4445],"ENTREZGENE,GENECARDS,HGNC,UNIPROT_GN,WIKIGENE"
ADORA2A,ENSG00000128271,ADORA2A,adenosine A2a receptor [Source:HGNC Symbol;Acc:HGNC:263],"ENTREZGENE,GENECARDS,HGNC,UNIPROT_GN,WIKIGENE"
PPP1R15A,ENSG00000087074,PPP1R15A,protein phosphatase 1 regulatory subunit 15A [Source:HGNC Symbol;Acc:HGNC:14375],"ENTREZGENE,GENECARDS,HGNC,UNIPROT_GN,WIKIGENE"
TRAF3IP3,ENSG00000009790,TRAF3IP3,TRAF3 interacting protein 3 [Source:HGNC Symbol;Acc:HGNC:30766],"ENTREZGENE,GENECARDS,HGNC,UNIPROT_GN,WIKIGENE"
GZMM,ENSG00000197540,GZMM,granzyme M [Source:HGNC Symbol;Acc:HGNC:4712],"ENTREZGENE,GENECARDS,HGNC,UNIPROT_GN,WIKIGENE"
ALDH8A1,ENSG00000118514,ALDH8A1,aldehyde dehydrogenase 8 family member A1 [Source:HGNC Symbol;Acc:HGNC:15471],"ENTREZGENE,GENECARDS,HGNC,UNIPROT_GN,WIKIGENE"
NKRF,ENSG00000186416,NKRF,NFKB repressing factor [Source:HGNC Symbol;Acc:HGNC:19374],"ENTREZGENE,GENECARDS,HGNC,UNIPROT_GN,WIKIGENE"
NPIPB9,ENSG00000196993,NPIPB9,nuclear pore complex interacting protein family member B9 [Source:HGNC Symbol;Acc:HGNC:41987],"ENTREZGENE,GENECARDS,HGNC,WIKIGENE"
CEP295NL,ENSG00000178404,CEP295NL,CEP295 N-terminal like [Source:HGNC Symbol;Acc:HGNC:44659],"ENTREZGENE,GENECARDS,HGNC,UNIPROT_GN,WIKIGENE"
TBR1,ENSG00000136535,TBR1,T-box brain transcription factor 1 [Source:HGNC Symbol;Acc:HGNC:11590],"ENTREZGENE,GENECARDS,HGNC,UNIPROT_GN,WIKIGENE"
PROCA1,ENSG00000167525,PROCA1,protein interacting with cyclin A1 [Source:HGNC Symbol;Acc:HGNC:28600],"ENTREZGENE,GENECARDS,HGNC,UNIPROT_GN,WIKIGENE"
FAM209A,ENSG00000124103,FAM209A,family with sequence similarity 209 member A [Source:HGNC Symbol;Acc:HGNC:16100],"ENTREZGENE,GENECARDS,HGNC,UNIPROT_GN,WIKIGENE"
NXT2,ENSG00000101888,NXT2,nuclear transport factor 2 like export factor 2 [Source:HGNC Symbol;Acc:HGNC:18151],"ENTREZGENE,GENECARDS,HGNC,UNIPROT_GN,WIKIGENE"
POU2F2,ENSG00000028277,POU2F2,POU class 2 homeobox 2 [Source:HGNC Symbol;Acc:HGNC:9213],"ENTREZGENE,GENECARDS,HGNC,UNIPROT_GN,WIKIGENE"
CYP39A1,ENSG00000146233,CYP39A1,cytochrome P450 family 39 subfamily A member 1 [Source:HGNC Symbol;Acc:HGNC:17449],"ENTREZGENE,GENECARDS,HGNC,UNIPROT_GN,WIKIGENE"
FOXD4L6,ENSG00000273514,FOXD4L6,forkhead box D4 like 6 [Source:HGNC Symbol;Acc:HGNC:31986],"ENTREZGENE,GENECARDS,HGNC,UNIPROT_GN,WIKIGENE"
GCGR,ENSG00000215644,GCGR,glucagon receptor [Source:HGNC Symbol;Acc:HGNC:4192],"ENTREZGENE,GENECARDS,HGNC,UNIPROT_GN,WIKIGENE"
KCTD14,ENSG00000151364,KCTD14,potassium channel tetramerization domain containing 14 [Source:HGNC Symbol;Acc:HGNC:23295],"ENTREZGENE,GENECARDS,HGNC,UNIPROT_GN,WIKIGENE"
HSPD1,ENSG00000144381,HSPD1,heat shock protein family D (Hsp60) member 1 [Source:HGNC Symbol;Acc:HGNC:5261],"ENTREZGENE,GENECARDS,HGNC,UNIPROT_GN,WIKIGENE"
TSSK4,ENSG00000139908,TSSK4,testis specific serine kinase 4 [Source:HGNC Symbol;Acc:HGNC:19825],"ENTREZGENE,GENECARDS,HGNC,UNIPROT_GN,WIKIGENE"
PLAC8L1,ENSG00000173261,PLAC8L1,PLAC8 like 1 [Source:HGNC Symbol;Acc:HGNC:31746],"ENTREZGENE,GENECARDS,HGNC,UNIPROT_GN,WIKIGENE"
UBB,ENSG00000170315,UBB,ubiquitin B [Source:HGNC Symbol;Acc:HGNC:12463],"ENTREZGENE,GENECARDS,HGNC,UNIPROT_GN,WIKIGENE"
UPK1A,ENSG00000105668,UPK1A,uroplakin 1A [Source:HGNC Symbol;Acc:HGNC:12577],"ENTREZGENE,GENECARDS,HGNC,UNIPROT_GN,WIKIGENE"
GAGE10,ENSG00000215274,GAGE10,G antigen 10 [Source:HGNC Symbol;Acc:HGNC:30968],"ENTREZGENE,GENECARDS,HGNC,UNIPROT_GN,WIKIGENE"
CACFD1,ENSG00000160325,CACFD1,calcium channel flower domain containing 1 [Source:HGNC Symbol;Acc:HGNC:1365],"ENTREZGENE,GENECARDS,HGNC,UNIPROT_GN,WIKIGENE"
EID3,ENSG00000255150,EID3,EP300 interacting inhibitor of differentiation 3 [Source:HGNC Symbol;Acc:HGNC:32961],"ENTREZGENE,GENECARDS,HGNC,UNIPROT_GN,WIKIGENE"
GAST,ENSG00000184502,GAST,gastrin [Source:HGNC Symbol;Acc:HGNC:4164],"ENTREZGENE,GENECARDS,HGNC,UNIPROT_GN,WIKIGENE"
FERMT3,ENSG00000149781,FERMT3,FERM domain containing kindlin 3 [Source:HGNC Symbol;Acc:HGNC:23151],"ENTREZGENE,GENECARDS,HGNC,UNIPROT_GN,WIKIGENE"
PRSS55,ENSG00000184647,PRSS55,serine protease 55 [Source:HGNC Symbol;Acc:HGNC:30824],"ENTREZGENE,GENECARDS,HGNC,UNIPROT_GN,WIKIGENE"
PPP1R3C,ENSG00000119938,PPP1R3C,protein phosphatase 1 regulatory subunit 3C [Source:HGNC Symbol;Acc:HGNC:9293],"ENTREZGENE,GENECARDS,HGNC,UNIPROT_GN,WIKIGENE"
SELPLG,ENSG00000110876,SELPLG,selectin P ligand [Source:HGNC Symbol;Acc:HGNC:10722],"ENTREZGENE,GENECARDS,HGNC,UNIPROT_GN,WIKIGENE"
CFAP97D2,ENSG00000283361,CFAP97D2,CFAP97 domain containing 2 [Source:HGNC Symbol;Acc:HGNC:53789],"ENTREZGENE,GENECARDS,HGNC,UNIPROT_GN,WIKIGENE"
ERICH5,ENSG00000177459,ERICH5,glutamate rich 5 [Source:HGNC Symbol;Acc:HGNC:26823],"ENTREZGENE,GENECARDS,HGNC,UNIPROT_GN,WIKIGENE"
NPC1L1,ENSG00000015520,NPC1L1,NPC1 like intracellular cholesterol transporter 1 [Source:HGNC Symbol;Acc:HGNC:7898],"ENTREZGENE,GENECARDS,HGNC,UNIPROT_GN,WIKIGENE"
C9ORF152,ENSG00000188959,C9orf152,chromosome 9 open reading frame 152 [Source:HGNC Symbol;Acc:HGNC:31455],"ENTREZGENE,GENECARDS,HGNC,UNIPROT_GN,WIKIGENE"
CACYBP,ENSG00000116161,CACYBP,calcyclin binding protein [Source:HGNC Symbol;Acc:HGNC:30423],"ENTREZGENE,GENECARDS,HGNC,UNIPROT_GN,WIKIGENE"
TMC4,ENSG00000167608,TMC4,transmembrane channel like 4 [Source:HGNC Symbol;Acc:HGNC:22998],"ENTREZGENE,GENECARDS,HGNC,UNIPROT_GN,WIKIGENE"
TSPYL2,ENSG00000184205,TSPYL2,TSPY like 2 [Source:HGNC Symbol;Acc:HGNC:24358],"ENTREZGENE,GENECARDS,HGNC,UNIPROT_GN,WIKIGENE"
PRR18,ENSG00000176381,PRR18,proline rich 18 [Source:HGNC Symbol;Acc:HGNC:28574],"ENTREZGENE,GENECARDS,HGNC,UNIPROT_GN,WIKIGENE"
HEY1,ENSG00000164683,HEY1,hes related family bHLH transcription factor with YRPW motif 1 [Source:HGNC Symbol;Acc:HGNC:4880],"ENTREZGENE,GENECARDS,HGNC,UNIPROT_GN,WIKIGENE"
TMEM216,ENSG00000187049,TMEM216,transmembrane protein 216 [Source:HGNC Symbol;Acc:HGNC:25018],"ENTREZGENE,GENECARDS,HGNC,UNIPROT_GN,WIKIGENE"
FAM83C,ENSG00000125998,FAM83C,family with sequence similarity 83 member C [Source:HGNC Symbol;Acc:HGNC:16121],"ENTREZGENE,GENECARDS,HGNC,UNIPROT_GN,WIKIGENE"
FBXW10,ENSG00000171931,FBXW10,F-box and WD repeat domain containing 10 [Source:HGNC Symbol;Acc:HGNC:1211],"ENTREZGENE,GENECARDS,HGNC,UNIPROT_GN,WIKIGENE"
SPOCK2,ENSG00000107742,SPOCK2,"SPARC (osteonectin), cwcv and kazal like domains proteoglycan 2 [Source:HGNC Symbol;Acc:HGNC:13564]","ENTREZGENE,GENECARDS,HGNC,UNIPROT_GN,WIKIGENE"
SBSN,ENSG00000189001,SBSN,suprabasin [Source:HGNC Symbol;Acc:HGNC:24950],"ENTREZGENE,GENECARDS,HGNC,UNIPROT_GN,WIKIGENE"
PNMA8A,ENSG00000182013,PNMA8A,PNMA family member 8A [Source:HGNC Symbol;Acc:HGNC:25578],"ENTREZGENE,GENECARDS,HGNC,UNIPROT_GN,WIKIGENE"
SNX31,ENSG00000174226,SNX31,sorting nexin 31 [Source:HGNC Symbol;Acc:HGNC:28605],"ENTREZGENE,GENECARDS,HGNC,UNIPROT_GN,WIKIGENE"
E2F8,ENSG00000129173,E2F8,E2F transcription factor 8 [Source:HGNC Symbol;Acc:HGNC:24727],"ENTREZGENE,GENECARDS,HGNC,UNIPROT_GN,WIKIGENE"
TRIB3,ENSG00000101255,TRIB3,tribbles pseudokinase 3 [Source:HGNC Symbol;Acc:HGNC:16228],"ENTREZGENE,GENECARDS,HGNC,UNIPROT_GN,WIKIGENE"
TSNARE1,ENSG00000171045,TSNARE1,t-SNARE domain containing 1 [Source:HGNC Symbol;Acc:HGNC:26437],"ENTREZGENE,GENECARDS,HGNC,UNIPROT_GN,WIKIGENE"
CLCF1,ENSG00000175505,CLCF1,cardiotrophin like cytokine factor 1 [Source:HGNC Symbol;Acc:HGNC:17412],"ENTREZGENE,GENECARDS,HGNC,UNIPROT_GN,WIKIGENE"
PRAMEF17,ENSG00000204479,PRAMEF17,PRAME family member 17 [Source:HGNC Symbol;Acc:HGNC:29485],"ENTREZGENE,GENECARDS,HGNC,UNIPROT_GN,WIKIGENE"
PDIK1L,ENSG00000175087,PDIK1L,PDLIM1 interacting kinase 1 like [Source:HGNC Symbol;Acc:HGNC:18981],"ENTREZGENE,GENECARDS,HGNC,UNIPROT_GN,WIKIGENE"
KIF20A,ENSG00000112984,KIF20A,kinesin family member 20A [Source:HGNC Symbol;Acc:HGNC:9787],"ENTREZGENE,GENECARDS,HGNC,UNIPROT_GN,WIKIGENE"
KANK1,ENSG00000107104,KANK1,KN motif and ankyrin repeat domains 1 [Source:HGNC Symbol;Acc:HGNC:19309],"ENTREZGENE,GENECARDS,HGNC,UNIPROT_GN,WIKIGENE"
PYM1,ENSG00000170473,PYM1,"PYM homolog 1, exon junction complex associated factor [Source:HGNC Symbol;Acc:HGNC:30258]","ENTREZGENE,GENECARDS,HGNC,UNIPROT_GN,WIKIGENE"
SNN,ENSG00000184602,SNN,stannin [Source:HGNC Symbol;Acc:HGNC:11149],"ENTREZGENE,GENECARDS,HGNC,UNIPROT_GN,WIKIGENE"
HMGXB4,ENSG00000100281,HMGXB4,HMG-box containing 4 [Source:HGNC Symbol;Acc:HGNC:5003],"ENTREZGENE,GENECARDS,HGNC,UNIPROT_GN,WIKIGENE"
NAGS,ENSG00000161653,NAGS,N-acetylglutamate synthase [Source:HGNC Symbol;Acc:HGNC:17996],"ENTREZGENE,GENECARDS,HGNC,UNIPROT_GN,WIKIGENE"
HOXC4,ENSG00000198353,HOXC4,homeobox C4 [Source:HGNC Symbol;Acc:HGNC:5126],"ENTREZGENE,GENECARDS,HGNC,UNIPROT_GN,WIKIGENE"
SIN3A,ENSG00000169375,SIN3A,SIN3 transcription regulator family member A [Source:HGNC Symbol;Acc:HGNC:19353],"ENTREZGENE,GENECARDS,HGNC,UNIPROT_GN,WIKIGENE"
SPSB2,ENSG00000111671,SPSB2,splA/ryanodine receptor domain and SOCS box containing 2 [Source:HGNC Symbol;Acc:HGNC:29522],"ENTREZGENE,GENECARDS,HGNC,UNIPROT_GN,WIKIGENE"
TOE1,ENSG00000132773,TOE1,"target of EGR1, exonuclease [Source:HGNC Symbol;Acc:HGNC:15954]","ENTREZGENE,GENECARDS,HGNC,UNIPROT_GN,WIKIGENE"
HCST,ENSG00000126264,HCST,hematopoietic cell signal transducer [Source:HGNC Symbol;Acc:HGNC:16977],"ENTREZGENE,GENECARDS,HGNC,UNIPROT_GN,WIKIGENE"
MTERF3,ENSG00000156469,MTERF3,mitochondrial transcription termination factor 3 [Source:HGNC Symbol;Acc:HGNC:24258],"ENTREZGENE,GENECARDS,HGNC,UNIPROT_GN,WIKIGENE"
AMER1,ENSG00000184675,AMER1,APC membrane recruitment protein 1 [Source:HGNC Symbol;Acc:HGNC:26837],"ENTREZGENE,GENECARDS,HGNC,UNIPROT_GN,WIKIGENE"
PAQR5,ENSG00000137819,PAQR5,progestin and adipoQ receptor family member 5 [Source:HGNC Symbol;Acc:HGNC:29645],"ENTREZGENE,GENECARDS,HGNC,UNIPROT_GN,WIKIGENE"
TAS2R20,ENSG00000255837,TAS2R20,taste 2 receptor member 20 [Source:HGNC Symbol;Acc:HGNC:19109],"ENTREZGENE,GENECARDS,HGNC,UNIPROT_GN,WIKIGENE"
RPUSD2,ENSG00000166133,RPUSD2,RNA pseudouridine synthase domain containing 2 [Source:HGNC Symbol;Acc:HGNC:24180],"ENTREZGENE,GENECARDS,HGNC,UNIPROT_GN,WIKIGENE"
GPR183,ENSG00000169508,GPR183,G protein-coupled receptor 183 [Source:HGNC Symbol;Acc:HGNC:3128],"ENTREZGENE,GENECARDS,HGNC,UNIPROT_GN,WIKIGENE"
SYNDIG1,ENSG00000101463,SYNDIG1,synapse differentiation inducing 1 [Source:HGNC Symbol;Acc:HGNC:15885],"ENTREZGENE,GENECARDS,HGNC,UNIPROT_GN,WIKIGENE"
PPP1R35,ENSG00000160813,PPP1R35,protein phosphatase 1 regulatory subunit 35 [Source:HGNC Symbol;Acc:HGNC:28320],"ENTREZGENE,GENECARDS,HGNC,UNIPROT_GN,WIKIGENE"
H3C7,ENSG00000277775,H3C7,H3 clustered histone 7 [Source:HGNC Symbol;Acc:HGNC:4773],"ENTREZGENE,GENECARDS,HGNC,WIKIGENE"
PALB2,ENSG00000083093,PALB2,partner and localizer of BRCA2 [Source:HGNC Symbol;Acc:HGNC:26144],"ENTREZGENE,GENECARDS,HGNC,UNIPROT_GN,WIKIGENE"
LEO1,ENSG00000166477,LEO1,"LEO1 homolog, Paf1/RNA polymerase II complex component [Source:HGNC Symbol;Acc:HGNC:30401]","ENTREZGENE,GENECARDS,HGNC,UNIPROT_GN,WIKIGENE"
PATZ1,ENSG00000100105,PATZ1,POZ/BTB and AT hook containing zinc finger 1 [Source:HGNC Symbol;Acc:HGNC:13071],"ENTREZGENE,GENECARDS,HGNC,UNIPROT_GN,WIKIGENE"
PET117,ENSG00000232838,PET117,PET117 cytochrome c oxidase chaperone [Source:HGNC Symbol;Acc:HGNC:40045],"ENTREZGENE,GENECARDS,HGNC,UNIPROT_GN,WIKIGENE"
TP53INP1,ENSG00000164938,TP53INP1,tumor protein p53 inducible nuclear protein 1 [Source:HGNC Symbol;Acc:HGNC:18022],"ENTREZGENE,GENECARDS,HGNC,UNIPROT_GN,WIKIGENE"
PRSS36,ENSG00000178226,PRSS36,serine protease 36 [Source:HGNC Symbol;Acc:HGNC:26906],"ENTREZGENE,GENECARDS,HGNC,UNIPROT_GN,WIKIGENE"
ETAA1,ENSG00000143971,ETAA1,ETAA1 activator of ATR kinase [Source:HGNC Symbol;Acc:HGNC:24648],"ENTREZGENE,GENECARDS,HGNC,UNIPROT_GN,WIKIGENE"
ZBTB24,ENSG00000112365,ZBTB24,zinc finger and BTB domain containing 24 [Source:HGNC Symbol;Acc:HGNC:21143],"ENTREZGENE,GENECARDS,HGNC,UNIPROT_GN,WIKIGENE"
CCDC188,ENSG00000234409,CCDC188,coiled-coil domain containing 188 [Source:HGNC Symbol;Acc:HGNC:51899],"ENTREZGENE,GENECARDS,HGNC,UNIPROT_GN,WIKIGENE"
ADGRF1,ENSG00000153292,ADGRF1,adhesion G protein-coupled receptor F1 [Source:HGNC Symbol;Acc:HGNC:18990],"ENTREZGENE,GENECARDS,HGNC,UNIPROT_GN,WIKIGENE"
RASSF7,ENSG00000099849,RASSF7,Ras association domain family member 7 [Source:HGNC Symbol;Acc:HGNC:1166],"ENTREZGENE,GENECARDS,HGNC,UNIPROT_GN,WIKIGENE"
FGD3,ENSG00000127084,FGD3,"FYVE, RhoGEF and PH domain containing 3 [Source:HGNC Symbol;Acc:HGNC:16027]","ENTREZGENE,GENECARDS,HGNC,UNIPROT_GN,WIKIGENE"
S100A1,ENSG00000160678,S100A1,S100 calcium binding protein A1 [Source:HGNC Symbol;Acc:HGNC:10486],"ENTREZGENE,GENECARDS,HGNC,UNIPROT_GN,WIKIGENE"
FADD,ENSG00000168040,FADD,Fas associated via death domain [Source:HGNC Symbol;Acc:HGNC:3573],"ENTREZGENE,GENECARDS,HGNC,UNIPROT_GN,WIKIGENE"
GPR146,ENSG00000164849,GPR146,G protein-coupled receptor 146 [Source:HGNC Symbol;Acc:HGNC:21718],"ENTREZGENE,GENECARDS,HGNC,UNIPROT_GN,WIKIGENE"
RIGI,ENSG00000107201,RIGI,RNA sensor RIG-I [Source:HGNC Symbol;Acc:HGNC:19102],"ENTREZGENE,GENECARDS,HGNC,UNIPROT_GN,WIKIGENE"
CLPX,ENSG00000166855,CLPX,caseinolytic mitochondrial matrix peptidase chaperone subunit X [Source:HGNC Symbol;Acc:HGNC:2088],"ENTREZGENE,GENECARDS,HGNC,UNIPROT_GN,WIKIGENE"
TRIM21,ENSG00000132109,TRIM21,tripartite motif containing 21 [Source:HGNC Symbol;Acc:HGNC:11312],"ENTREZGENE,GENECARDS,HGNC,UNIPROT_GN,WIKIGENE"
RDH14,ENSG00000240857,RDH14,retinol dehydrogenase 14 [Source:HGNC Symbol;Acc:HGNC:19979],"ENTREZGENE,GENECARDS,HGNC,UNIPROT_GN,WIKIGENE"
DNAAF8,ENSG00000166246,DNAAF8,dynein axonemal assembly factor 8 [Source:HGNC Symbol;Acc:HGNC:25081],"ENTREZGENE,GENECARDS,HGNC,UNIPROT_GN,WIKIGENE"
PYCR3,ENSG00000104524,PYCR3,pyrroline-5-carboxylate reductase 3 [Source:HGNC Symbol;Acc:HGNC:25846],"ENTREZGENE,GENECARDS,HGNC,UNIPROT_GN,WIKIGENE"
MBD4,ENSG00000129071,MBD4,"methyl-CpG binding domain 4, DNA glycosylase [Source:HGNC Symbol;Acc:HGNC:6919]","ENTREZGENE,GENECARDS,HGNC,UNIPROT_GN,WIKIGENE"
CRYBG2,ENSG00000176092,CRYBG2,crystallin beta-gamma domain containing 2 [Source:HGNC Symbol;Acc:HGNC:17295],"ENTREZGENE,GENECARDS,HGNC,UNIPROT_GN,WIKIGENE"
KDM4D,ENSG00000186280,KDM4D,lysine demethylase 4D [Source:HGNC Symbol;Acc:HGNC:25498],"ENTREZGENE,GENECARDS,HGNC,UNIPROT_GN,WIKIGENE"
TEX38,ENSG00000186118,TEX38,testis expressed 38 [Source:HGNC Symbol;Acc:HGNC:29589],"ENTREZGENE,GENECARDS,HGNC,UNIPROT_GN,WIKIGENE"
SYCE1L,ENSG00000205078,SYCE1L,synaptonemal complex central element protein 1 like [Source:HGNC Symbol;Acc:HGNC:37236],"ENTREZGENE,GENECARDS,HGNC,UNIPROT_GN,WIKIGENE"
TIGD5,ENSG00000179886,TIGD5,tigger transposable element derived 5 [Source:HGNC Symbol;Acc:HGNC:18336],"ENTREZGENE,GENECARDS,HGNC,UNIPROT_GN,WIKIGENE"
TMEM18,ENSG00000151353,TMEM18,transmembrane protein 18 [Source:HGNC Symbol;Acc:HGNC:25257],"ENTREZGENE,GENECARDS,HGNC,UNIPROT_GN,WIKIGENE"
KBTBD3,ENSG00000182359,KBTBD3,kelch repeat and BTB domain containing 3 [Source:HGNC Symbol;Acc:HGNC:22934],"ENTREZGENE,GENECARDS,HGNC,UNIPROT_GN,WIKIGENE"
CENPC,ENSG00000145241,CENPC,centromere protein C [Source:HGNC Symbol;Acc:HGNC:1854],"ENTREZGENE,GENECARDS,HGNC,UNIPROT_GN,WIKIGENE"
BEGAIN,ENSG00000183092,BEGAIN,brain enriched guanylate kinase associated [Source:HGNC Symbol;Acc:HGNC:24163],"ENTREZGENE,GENECARDS,HGNC,UNIPROT_GN,WIKIGENE"
IL2RG,ENSG00000147168,IL2RG,interleukin 2 receptor subunit gamma [Source:HGNC Symbol;Acc:HGNC:6010],"ENTREZGENE,GENECARDS,HGNC,UNIPROT_GN,WIKIGENE"
ZNF627,ENSG00000198551,ZNF627,zinc finger protein 627 [Source:HGNC Symbol;Acc:HGNC:30570],"ENTREZGENE,GENECARDS,HGNC,UNIPROT_GN,WIKIGENE"
BMF,ENSG00000104081,BMF,Bcl2 modifying factor [Source:HGNC Symbol;Acc:HGNC:24132],"ENTREZGENE,GENECARDS,HGNC,UNIPROT_GN,WIKIGENE"
JMJD4,ENSG00000081692,JMJD4,jumonji domain containing 4 [Source:HGNC Symbol;Acc:HGNC:25724],"ENTREZGENE,GENECARDS,HGNC,UNIPROT_GN,WIKIGENE"
ESPL1,ENSG00000135476,ESPL1,"extra spindle pole bodies like 1, separase [Source:HGNC Symbol;Acc:HGNC:16856]","ENTREZGENE,GENECARDS,HGNC,UNIPROT_GN,WIKIGENE"
INMT-MINDY4,ENSG00000254959,INMT-MINDY4,INMT-MINDY4 readthrough (NMD candidate) [Source:HGNC Symbol;Acc:HGNC:41995],"GENECARDS,HGNC,UNIPROT_GN"
TIFA,ENSG00000145365,TIFA,TRAF interacting protein with forkhead associated domain [Source:HGNC Symbol;Acc:HGNC:19075],"ENTREZGENE,GENECARDS,HGNC,UNIPROT_GN,WIKIGENE"
RTP3,ENSG00000163825,RTP3,receptor transporter protein 3 [Source:HGNC Symbol;Acc:HGNC:15572],"ENTREZGENE,GENECARDS,HGNC,UNIPROT_GN,WIKIGENE"
SYT12,ENSG00000173227,SYT12,synaptotagmin 12 [Source:HGNC Symbol;Acc:HGNC:18381],"ENTREZGENE,GENECARDS,HGNC,UNIPROT_GN,WIKIGENE"
CMKLR2,ENSG00000183671,CMKLR2,chemerin chemokine-like receptor 2 [Source:HGNC Symbol;Acc:HGNC:4463],"ENTREZGENE,GENECARDS,HGNC,UNIPROT_GN,WIKIGENE"
TAB1,ENSG00000100324,TAB1,TGF-beta activated kinase 1 (MAP3K7) binding protein 1 [Source:HGNC Symbol;Acc:HGNC:18157],"ENTREZGENE,GENECARDS,HGNC,UNIPROT_GN,WIKIGENE"
C1GALT1C1L,ENSG00000223658,C1GALT1C1L,C1GALT1 specific chaperone 1 like [Source:HGNC Symbol;Acc:HGNC:51617],"ENTREZGENE,GENECARDS,HGNC,UNIPROT_GN,WIKIGENE"
TBCEL-TECTA,ENSG00000285509,TBCEL-TECTA,TBCEL-TECTA readthrough [Source:HGNC Symbol;Acc:HGNC:54857],"ENTREZGENE,GENECARDS,HGNC,UNIPROT_GN,WIKIGENE"
TMEM86A,ENSG00000151117,TMEM86A,transmembrane protein 86A [Source:HGNC Symbol;Acc:HGNC:26890],"ENTREZGENE,GENECARDS,HGNC,UNIPROT_GN,WIKIGENE"
PPP1R3D,ENSG00000132825,PPP1R3D,protein phosphatase 1 regulatory subunit 3D [Source:HGNC Symbol;Acc:HGNC:9294],"ENTREZGENE,GENECARDS,HGNC,UNIPROT_GN,WIKIGENE"
ST3GAL1,ENSG00000008513,ST3GAL1,"ST3 beta-galactoside alpha-2,3-sialyltransferase 1 [Source:HGNC Symbol;Acc:HGNC:10862]","ENTREZGENE,GENECARDS,HGNC,UNIPROT_GN,WIKIGENE"
CCR1,ENSG00000163823,CCR1,C-C motif chemokine receptor 1 [Source:HGNC Symbol;Acc:HGNC:1602],"ENTREZGENE,GENECARDS,HGNC,UNIPROT_GN,WIKIGENE"
H3C1,ENSG00000275714,H3C1,H3 clustered histone 1 [Source:HGNC Symbol;Acc:HGNC:4766],"ENTREZGENE,GENECARDS,HGNC,UNIPROT_GN,WIKIGENE"
CBY2,ENSG00000174015,CBY2,chibby family member 2 [Source:HGNC Symbol;Acc:HGNC:30720],"ENTREZGENE,GENECARDS,HGNC,UNIPROT_GN,WIKIGENE"
PPRC1,ENSG00000148840,PPRC1,PPARG related coactivator 1 [Source:HGNC Symbol;Acc:HGNC:30025],"ENTREZGENE,GENECARDS,HGNC,UNIPROT_GN,WIKIGENE"
ZNF775,ENSG00000196456,ZNF775,zinc finger protein 775 [Source:HGNC Symbol;Acc:HGNC:28501],"ENTREZGENE,GENECARDS,HGNC,UNIPROT_GN,WIKIGENE"
MAMSTR,ENSG00000176909,MAMSTR,MEF2 activating motif and SAP domain containing transcriptional regulator [Source:HGNC Symbol;Acc:HGNC:26689],"ENTREZGENE,GENECARDS,HGNC,UNIPROT_GN,WIKIGENE"
POLA2,ENSG00000014138,POLA2,"DNA polymerase alpha 2, accessory subunit [Source:HGNC Symbol;Acc:HGNC:30073]","ENTREZGENE,GENECARDS,HGNC,UNIPROT_GN,WIKIGENE"
ZBTB45,ENSG00000119574,ZBTB45,zinc finger and BTB domain containing 45 [Source:HGNC Symbol;Acc:HGNC:23715],"ENTREZGENE,GENECARDS,HGNC,UNIPROT_GN,WIKIGENE"
GLCE,ENSG00000138604,GLCE,glucuronic acid epimerase [Source:HGNC Symbol;Acc:HGNC:17855],"ENTREZGENE,GENECARDS,HGNC,UNIPROT_GN,WIKIGENE"
SH3TC1,ENSG00000125089,SH3TC1,SH3 domain and tetratricopeptide repeats 1 [Source:HGNC Symbol;Acc:HGNC:26009],"ENTREZGENE,GENECARDS,HGNC,UNIPROT_GN,WIKIGENE"
SOWAHD,ENSG00000187808,SOWAHD,sosondowah ankyrin repeat domain family member D [Source:HGNC Symbol;Acc:HGNC:32960],"ENTREZGENE,GENECARDS,HGNC,UNIPROT_GN,WIKIGENE"
PPARGC1B,ENSG00000155846,PPARGC1B,PPARG coactivator 1 beta [Source:HGNC Symbol;Acc:HGNC:30022],"ENTREZGENE,GENECARDS,HGNC,UNIPROT_GN,WIKIGENE"
CEMP1,ENSG00000205923,CEMP1,cementum protein 1 [Source:HGNC Symbol;Acc:HGNC:32553],"ENTREZGENE,GENECARDS,HGNC,UNIPROT_GN,WIKIGENE"
APOM,ENSG00000204444,APOM,apolipoprotein M [Source:HGNC Symbol;Acc:HGNC:13916],"ENTREZGENE,GENECARDS,HGNC,UNIPROT_GN,WIKIGENE"
CCNF,ENSG00000162063,CCNF,cyclin F [Source:HGNC Symbol;Acc:HGNC:1591],"ENTREZGENE,GENECARDS,HGNC,UNIPROT_GN,WIKIGENE"
NOTCH2NLC,ENSG00000286219,NOTCH2NLC,notch 2 N-terminal like C [Source:HGNC Symbol;Acc:HGNC:53924],"ENTREZGENE,GENECARDS,HGNC,UNIPROT_GN,WIKIGENE"
DOLK,ENSG00000175283,DOLK,dolichol kinase [Source:HGNC Symbol;Acc:HGNC:23406],"ENTREZGENE,GENECARDS,HGNC,UNIPROT_GN,WIKIGENE"
PSCA,ENSG00000167653,PSCA,prostate stem cell antigen [Source:HGNC Symbol;Acc:HGNC:9500],"ENTREZGENE,GENECARDS,HGNC,UNIPROT_GN,WIKIGENE"
TMEM89,ENSG00000183396,TMEM89,transmembrane protein 89 [Source:HGNC Symbol;Acc:HGNC:32372],"ENTREZGENE,GENECARDS,HGNC,UNIPROT_GN,WIKIGENE"
PRR15L,ENSG00000167183,PRR15L,proline rich 15 like [Source:HGNC Symbol;Acc:HGNC:28149],"ENTREZGENE,GENECARDS,HGNC,UNIPROT_GN,WIKIGENE"
PCSK9,ENSG00000169174,PCSK9,proprotein convertase subtilisin/kexin type 9 [Source:HGNC Symbol;Acc:HGNC:20001],"ENTREZGENE,GENECARDS,HGNC,UNIPROT_GN,WIKIGENE"
INSYN2B,ENSG00000204767,INSYN2B,inhibitory synaptic factor family member 2B [Source:HGNC Symbol;Acc:HGNC:37271],"ENTREZGENE,GENECARDS,HGNC,UNIPROT_GN,WIKIGENE"
RFESD,ENSG00000175449,RFESD,Rieske Fe-S domain containing [Source:HGNC Symbol;Acc:HGNC:29587],"ENTREZGENE,GENECARDS,HGNC,UNIPROT_GN,WIKIGENE"
ZNF564,ENSG00000249709,ZNF564,zinc finger protein 564 [Source:HGNC Symbol;Acc:HGNC:31106],"ENTREZGENE,GENECARDS,HGNC,UNIPROT_GN,WIKIGENE"
LCMT2,ENSG00000168806,LCMT2,leucine carboxyl methyltransferase 2 [Source:HGNC Symbol;Acc:HGNC:17558],"ENTREZGENE,GENECARDS,HGNC,UNIPROT_GN,WIKIGENE"
WNT5B,ENSG00000111186,WNT5B,Wnt family member 5B [Source:HGNC Symbol;Acc:HGNC:16265],"ENTREZGENE,GENECARDS,HGNC,UNIPROT_GN,WIKIGENE"
PLK4,ENSG00000142731,PLK4,polo like kinase 4 [Source:HGNC Symbol;Acc:HGNC:11397],"ENTREZGENE,GENECARDS,HGNC,UNIPROT_GN,WIKIGENE"
IFIT5,ENSG00000152778,IFIT5,interferon induced protein with tetratricopeptide repeats 5 [Source:HGNC Symbol;Acc:HGNC:13328],"ENTREZGENE,GENECARDS,HGNC,UNIPROT_GN,WIKIGENE"
ALDH1B1,ENSG00000137124,ALDH1B1,aldehyde dehydrogenase 1 family member B1 [Source:HGNC Symbol;Acc:HGNC:407],"ENTREZGENE,GENECARDS,HGNC,UNIPROT_GN,WIKIGENE"
PLPP6,ENSG00000205808,PLPP6,phospholipid phosphatase 6 [Source:HGNC Symbol;Acc:HGNC:23682],"ENTREZGENE,GENECARDS,HGNC,UNIPROT_GN,WIKIGENE"
ASB13,ENSG00000196372,ASB13,ankyrin repeat and SOCS box containing 13 [Source:HGNC Symbol;Acc:HGNC:19765],"ENTREZGENE,GENECARDS,HGNC,UNIPROT_GN,WIKIGENE"
HJURP,ENSG00000123485,HJURP,Holliday junction recognition protein [Source:HGNC Symbol;Acc:HGNC:25444],"ENTREZGENE,GENECARDS,HGNC,UNIPROT_GN,WIKIGENE"
SSPN,ENSG00000123096,SSPN,sarcospan [Source:HGNC Symbol;Acc:HGNC:11322],"ENTREZGENE,GENECARDS,HGNC,UNIPROT_GN,WIKIGENE"
GPR68,ENSG00000119714,GPR68,G protein-coupled receptor 68 [Source:HGNC Symbol;Acc:HGNC:4519],"ENTREZGENE,GENECARDS,HGNC,UNIPROT_GN,WIKIGENE"
AGFG2,ENSG00000106351,AGFG2,ArfGAP with FG repeats 2 [Source:HGNC Symbol;Acc:HGNC:5177],"ENTREZGENE,GENECARDS,HGNC,UNIPROT_GN,WIKIGENE"
IMP3,ENSG00000177971,IMP3,IMP U3 small nucleolar ribonucleoprotein 3 [Source:HGNC Symbol;Acc:HGNC:14497],"ENTREZGENE,GENECARDS,HGNC,UNIPROT_GN,WIKIGENE"
FLI1,ENSG00000151702,FLI1,"Fli-1 proto-oncogene, ETS transcription factor [Source:HGNC Symbol;Acc:HGNC:3749]","ENTREZGENE,GENECARDS,HGNC,UNIPROT_GN,WIKIGENE"
KLHDC7A,ENSG00000179023,KLHDC7A,kelch domain containing 7A [Source:HGNC Symbol;Acc:HGNC:26791],"ENTREZGENE,GENECARDS,HGNC,UNIPROT_GN,WIKIGENE"
TNS4,ENSG00000131746,TNS4,tensin 4 [Source:HGNC Symbol;Acc:HGNC:24352],"ENTREZGENE,GENECARDS,HGNC,UNIPROT_GN,WIKIGENE"
NAT2,ENSG00000156006,NAT2,N-acetyltransferase 2 [Source:HGNC Symbol;Acc:HGNC:7646],"ENTREZGENE,GENECARDS,HGNC,UNIPROT_GN,WIKIGENE"
ZNF579,ENSG00000218891,ZNF579,zinc finger protein 579 [Source:HGNC Symbol;Acc:HGNC:26646],"ENTREZGENE,GENECARDS,HGNC,UNIPROT_GN,WIKIGENE"
ACCS,ENSG00000110455,ACCS,1-aminocyclopropane-1-carboxylate synthase homolog (inactive) [Source:HGNC Symbol;Acc:HGNC:23989],"ENTREZGENE,GENECARDS,HGNC,UNIPROT_GN,WIKIGENE"
PCED1B,ENSG00000179715,PCED1B,PC-esterase domain containing 1B [Source:HGNC Symbol;Acc:HGNC:28255],"ENTREZGENE,GENECARDS,HGNC,UNIPROT_GN,WIKIGENE"
RGS4,ENSG00000117152,RGS4,regulator of G protein signaling 4 [Source:HGNC Symbol;Acc:HGNC:10000],"ENTREZGENE,GENECARDS,HGNC,UNIPROT_GN,WIKIGENE"
GGACT,ENSG00000134864,GGACT,gamma-glutamylamine cyclotransferase [Source:HGNC Symbol;Acc:HGNC:25100],"ENTREZGENE,GENECARDS,HGNC,UNIPROT_GN,WIKIGENE"
SPATA2L,ENSG00000158792,SPATA2L,spermatogenesis associated 2 like [Source:HGNC Symbol;Acc:HGNC:28393],"ENTREZGENE,GENECARDS,HGNC,UNIPROT_GN,WIKIGENE"
CDCA8,ENSG00000134690,CDCA8,cell division cycle associated 8 [Source:HGNC Symbol;Acc:HGNC:14629],"ENTREZGENE,GENECARDS,HGNC,UNIPROT_GN,WIKIGENE"
C14ORF39,ENSG00000179008,C14orf39,chromosome 14 open reading frame 39 [Source:HGNC Symbol;Acc:HGNC:19849],"ENTREZGENE,GENECARDS,HGNC,UNIPROT_GN,WIKIGENE"
NDST2,ENSG00000166507,NDST2,N-deacetylase and N-sulfotransferase 2 [Source:HGNC Symbol;Acc:HGNC:7681],"ENTREZGENE,GENECARDS,HGNC,UNIPROT_GN,WIKIGENE"
PTPRCAP,ENSG00000213402,PTPRCAP,protein tyrosine phosphatase receptor type C associated protein [Source:HGNC Symbol;Acc:HGNC:9667],"ENTREZGENE,GENECARDS,HGNC,UNIPROT_GN,WIKIGENE"
CDCA4,ENSG00000170779,CDCA4,cell division cycle associated 4 [Source:HGNC Symbol;Acc:HGNC:14625],"ENTREZGENE,GENECARDS,HGNC,UNIPROT_GN,WIKIGENE"
TRAV18,ENSG00000211798,TRAV18,T cell receptor alpha variable 18 [Source:HGNC Symbol;Acc:HGNC:12114],"GENECARDS,HGNC,UNIPROT_GN"
C14ORF28,ENSG00000179476,C14orf28,chromosome 14 open reading frame 28 [Source:HGNC Symbol;Acc:HGNC:19834],"ENTREZGENE,GENECARDS,HGNC,UNIPROT_GN,WIKIGENE"
NANP,ENSG00000170191,NANP,N-acetylneuraminic acid phosphatase [Source:HGNC Symbol;Acc:HGNC:16140],"ENTREZGENE,GENECARDS,HGNC,UNIPROT_GN,WIKIGENE"
NUDT8,ENSG00000167799,NUDT8,nudix hydrolase 8 [Source:HGNC Symbol;Acc:HGNC:8055],"ENTREZGENE,GENECARDS,HGNC,UNIPROT_GN,WIKIGENE"
SPOUT1,ENSG00000198917,SPOUT1,SPOUT domain containing methyltransferase 1 [Source:HGNC Symbol;Acc:HGNC:26933],"ENTREZGENE,GENECARDS,HGNC,UNIPROT_GN,WIKIGENE"
BDKRB2,ENSG00000168398,BDKRB2,bradykinin receptor B2 [Source:HGNC Symbol;Acc:HGNC:1030],"ENTREZGENE,GENECARDS,HGNC,UNIPROT_GN,WIKIGENE"
MAP10,ENSG00000212916,MAP10,microtubule associated protein 10 [Source:HGNC Symbol;Acc:HGNC:29265],"ENTREZGENE,GENECARDS,HGNC,UNIPROT_GN,WIKIGENE"
EFNA4,ENSG00000243364,EFNA4,ephrin A4 [Source:HGNC Symbol;Acc:HGNC:3224],"ENTREZGENE,GENECARDS,HGNC,UNIPROT_GN,WIKIGENE"
PRMT6,ENSG00000198890,PRMT6,protein arginine methyltransferase 6 [Source:HGNC Symbol;Acc:HGNC:18241],"ENTREZGENE,GENECARDS,HGNC,UNIPROT_GN,WIKIGENE"
PEDS1-UBE2V1,ENSG00000124208,PEDS1-UBE2V1,PEDS1-UBE2V1 readthrough [Source:HGNC Symbol;Acc:HGNC:33521],"ENTREZGENE,GENECARDS,HGNC,UNIPROT_GN,WIKIGENE"
VPS33B,ENSG00000184056,VPS33B,VPS33B late endosome and lysosome associated [Source:HGNC Symbol;Acc:HGNC:12712],"ENTREZGENE,GENECARDS,HGNC,UNIPROT_GN,WIKIGENE"
H2AC21,ENSG00000184270,H2AC21,H2A clustered histone 21 [Source:HGNC Symbol;Acc:HGNC:20508],"ENTREZGENE,GENECARDS,HGNC,UNIPROT_GN,WIKIGENE"
FASTKD2,ENSG00000118246,FASTKD2,FAST kinase domains 2 [Source:HGNC Symbol;Acc:HGNC:29160],"ENTREZGENE,GENECARDS,HGNC,UNIPROT_GN,WIKIGENE"
IER3,ENSG00000137331,IER3,immediate early response 3 [Source:HGNC Symbol;Acc:HGNC:5392],"ENTREZGENE,GENECARDS,HGNC,UNIPROT_GN,WIKIGENE"
ADPRS,ENSG00000116863,ADPRS,ADP-ribosylserine hydrolase [Source:HGNC Symbol;Acc:HGNC:21304],"ENTREZGENE,GENECARDS,HGNC,UNIPROT_GN,WIKIGENE"
D2HGDH,ENSG00000180902,D2HGDH,D-2-hydroxyglutarate dehydrogenase [Source:HGNC Symbol;Acc:HGNC:28358],"ENTREZGENE,GENECARDS,HGNC,UNIPROT_GN,WIKIGENE"
DHX35,ENSG00000101452,DHX35,DEAH-box helicase 35 [Source:HGNC Symbol;Acc:HGNC:15861],"ENTREZGENE,GENECARDS,HGNC,UNIPROT_GN,WIKIGENE"
GPR3,ENSG00000181773,GPR3,G protein-coupled receptor 3 [Source:HGNC Symbol;Acc:HGNC:4484],"ENTREZGENE,GENECARDS,HGNC,UNIPROT_GN,WIKIGENE"
TADA1,ENSG00000152382,TADA1,transcriptional adaptor 1 [Source:HGNC Symbol;Acc:HGNC:30631],"ENTREZGENE,GENECARDS,HGNC,UNIPROT_GN,WIKIGENE"
MUSTN1,ENSG00000272573,MUSTN1,"musculoskeletal, embryonic nuclear protein 1 [Source:HGNC Symbol;Acc:HGNC:22144]","ENTREZGENE,GENECARDS,HGNC,UNIPROT_GN,WIKIGENE"
CRY2,ENSG00000121671,CRY2,cryptochrome circadian regulator 2 [Source:HGNC Symbol;Acc:HGNC:2385],"ENTREZGENE,GENECARDS,HGNC,UNIPROT_GN,WIKIGENE"
DGAT2,ENSG00000062282,DGAT2,diacylglycerol O-acyltransferase 2 [Source:HGNC Symbol;Acc:HGNC:16940],"ENTREZGENE,GENECARDS,HGNC,UNIPROT_GN,WIKIGENE"
SH3BP4,ENSG00000130147,SH3BP4,SH3 domain binding protein 4 [Source:HGNC Symbol;Acc:HGNC:10826],"ENTREZGENE,GENECARDS,HGNC,UNIPROT_GN,WIKIGENE"
TMEM177,ENSG00000144120,TMEM177,transmembrane protein 177 [Source:HGNC Symbol;Acc:HGNC:28143],"ENTREZGENE,GENECARDS,HGNC,UNIPROT_GN,WIKIGENE"
HYAL2,ENSG00000068001,HYAL2,hyaluronidase 2 [Source:HGNC Symbol;Acc:HGNC:5321],"ENTREZGENE,GENECARDS,HGNC,UNIPROT_GN,WIKIGENE"
NPIPA7,ENSG00000214967,NPIPA7,nuclear pore complex interacting protein family member A7 [Source:HGNC Symbol;Acc:HGNC:41982],"ENTREZGENE,GENECARDS,HGNC,UNIPROT_GN,WIKIGENE"
H1-4,ENSG00000168298,H1-4,"H1.4 linker histone, cluster member [Source:HGNC Symbol;Acc:HGNC:4718]","ENTREZGENE,GENECARDS,HGNC,UNIPROT_GN,WIKIGENE"
HYLS1,ENSG00000198331,HYLS1,HYLS1 centriolar and ciliogenesis associated [Source:HGNC Symbol;Acc:HGNC:26558],"ENTREZGENE,GENECARDS,HGNC,UNIPROT_GN,WIKIGENE"
LENG9,ENSG00000275183,LENG9,leukocyte receptor cluster member 9 [Source:HGNC Symbol;Acc:HGNC:16306],"ENTREZGENE,GENECARDS,HGNC,UNIPROT_GN,WIKIGENE"
NGF,ENSG00000134259,NGF,nerve growth factor [Source:HGNC Symbol;Acc:HGNC:7808],"ENTREZGENE,GENECARDS,HGNC,UNIPROT_GN,WIKIGENE"
HILPDA,ENSG00000135245,HILPDA,hypoxia inducible lipid droplet associated [Source:HGNC Symbol;Acc:HGNC:28859],"ENTREZGENE,GENECARDS,HGNC,UNIPROT_GN,WIKIGENE"
ARHGAP40,ENSG00000124143,ARHGAP40,Rho GTPase activating protein 40 [Source:HGNC Symbol;Acc:HGNC:16226],"ENTREZGENE,GENECARDS,HGNC,WIKIGENE"
ARHGAP22,ENSG00000128805,ARHGAP22,Rho GTPase activating protein 22 [Source:HGNC Symbol;Acc:HGNC:30320],"ENTREZGENE,GENECARDS,HGNC,UNIPROT_GN,WIKIGENE"
UFSP1,ENSG00000176125,UFSP1,UFM1 specific peptidase 1 (inactive) [Source:HGNC Symbol;Acc:HGNC:33821],"ENTREZGENE,GENECARDS,HGNC,UNIPROT_GN,WIKIGENE"
ZNF624,ENSG00000197566,ZNF624,zinc finger protein 624 [Source:HGNC Symbol;Acc:HGNC:29254],"ENTREZGENE,GENECARDS,HGNC,UNIPROT_GN,WIKIGENE"
ZHX2,ENSG00000178764,ZHX2,zinc fingers and homeoboxes 2 [Source:HGNC Symbol;Acc:HGNC:18513],"ENTREZGENE,GENECARDS,HGNC,UNIPROT_GN,WIKIGENE"
KCNQ5,ENSG00000185760,KCNQ5,potassium voltage-gated channel subfamily Q member 5 [Source:HGNC Symbol;Acc:HGNC:6299],"ENTREZGENE,GENECARDS,HGNC,UNIPROT_GN,WIKIGENE"
FJX1,ENSG00000179431,FJX1,four-jointed box kinase 1 [Source:HGNC Symbol;Acc:HGNC:17166],"ENTREZGENE,GENECARDS,HGNC,UNIPROT_GN,WIKIGENE"
GLI2,ENSG00000074047,GLI2,GLI family zinc finger 2 [Source:HGNC Symbol;Acc:HGNC:4318],"ENTREZGENE,GENECARDS,HGNC,UNIPROT_GN,WIKIGENE"
METTL1,ENSG00000037897,METTL1,"methyltransferase 1, tRNA methylguanosine [Source:HGNC Symbol;Acc:HGNC:7030]","ENTREZGENE,GENECARDS,HGNC,UNIPROT_GN,WIKIGENE"
PLAU,ENSG00000122861,PLAU,"plasminogen activator, urokinase [Source:HGNC Symbol;Acc:HGNC:9052]","ENTREZGENE,GENECARDS,HGNC,UNIPROT_GN,WIKIGENE"
CCRL2,ENSG00000121797,CCRL2,C-C motif chemokine receptor like 2 [Source:HGNC Symbol;Acc:HGNC:1612],"ENTREZGENE,GENECARDS,HGNC,UNIPROT_GN,WIKIGENE"
EML1,ENSG00000066629,EML1,EMAP like 1 [Source:HGNC Symbol;Acc:HGNC:3330],"ENTREZGENE,GENECARDS,HGNC,UNIPROT_GN,WIKIGENE"
INKA1,ENSG00000185614,INKA1,inka box actin regulator 1 [Source:HGNC Symbol;Acc:HGNC:32480],"ENTREZGENE,GENECARDS,HGNC,UNIPROT_GN,WIKIGENE"
HAS2,ENSG00000170961,HAS2,hyaluronan synthase 2 [Source:HGNC Symbol;Acc:HGNC:4819],"ENTREZGENE,GENECARDS,HGNC,UNIPROT_GN,WIKIGENE"
LIF,ENSG00000128342,LIF,LIF interleukin 6 family cytokine [Source:HGNC Symbol;Acc:HGNC:6596],"ENTREZGENE,GENECARDS,HGNC,UNIPROT_GN,WIKIGENE"
TUBGCP5,ENSG00000275835,TUBGCP5,tubulin gamma complex associated protein 5 [Source:HGNC Symbol;Acc:HGNC:18600],"ENTREZGENE,GENECARDS,HGNC,UNIPROT_GN,WIKIGENE"
CAMKK1,ENSG00000004660,CAMKK1,calcium/calmodulin dependent protein kinase kinase 1 [Source:HGNC Symbol;Acc:HGNC:1469],"ENTREZGENE,GENECARDS,HGNC,UNIPROT_GN,WIKIGENE"
ZBED5,ENSG00000236287,ZBED5,zinc finger BED-type containing 5 [Source:HGNC Symbol;Acc:HGNC:30803],"ENTREZGENE,GENECARDS,HGNC,UNIPROT_GN,WIKIGENE"
KRTAP2-3,ENSG00000212724,KRTAP2-3,keratin associated protein 2-3 [Source:HGNC Symbol;Acc:HGNC:18906],"ENTREZGENE,GENECARDS,HGNC,UNIPROT_GN,WIKIGENE"
LFNG,ENSG00000106003,LFNG,LFNG O-fucosylpeptide 3-beta-N-acetylglucosaminyltransferase [Source:HGNC Symbol;Acc:HGNC:6560],"ENTREZGENE,GENECARDS,HGNC,UNIPROT_GN,WIKIGENE"
DDX28,ENSG00000182810,DDX28,DEAD-box helicase 28 [Source:HGNC Symbol;Acc:HGNC:17330],"ENTREZGENE,GENECARDS,HGNC,UNIPROT_GN,WIKIGENE"
APOL3,ENSG00000128284,APOL3,apolipoprotein L3 [Source:HGNC Symbol;Acc:HGNC:14868],"ENTREZGENE,GENECARDS,HGNC,UNIPROT_GN,WIKIGENE"
GIMAP2,ENSG00000106560,GIMAP2,"GTPase, IMAP family member 2 [Source:HGNC Symbol;Acc:HGNC:21789]","ENTREZGENE,GENECARDS,HGNC,UNIPROT_GN,WIKIGENE"
PIF1,ENSG00000140451,PIF1,PIF1 5'-to-3' DNA helicase [Source:HGNC Symbol;Acc:HGNC:26220],"ENTREZGENE,GENECARDS,HGNC,UNIPROT_GN,WIKIGENE"
TTC30B,ENSG00000196659,TTC30B,tetratricopeptide repeat domain 30B [Source:HGNC Symbol;Acc:HGNC:26425],"ENTREZGENE,GENECARDS,HGNC,UNIPROT_GN,WIKIGENE"
RSC1A1,ENSG00000215695,RSC1A1,regulator of solute carriers 1 [Source:HGNC Symbol;Acc:HGNC:10458],"ENTREZGENE,GENECARDS,HGNC,UNIPROT_GN,WIKIGENE"
PWP2,ENSG00000241945,PWP2,PWP2 small subunit processome component [Source:HGNC Symbol;Acc:HGNC:9711],"ENTREZGENE,GENECARDS,HGNC,UNIPROT_GN,WIKIGENE"
CITED4,ENSG00000179862,CITED4,Cbp/p300 interacting transactivator with Glu/Asp rich carboxy-terminal domain 4 [Source:HGNC Symbol;Acc:HGNC:18696],"ENTREZGENE,GENECARDS,HGNC,UNIPROT_GN,WIKIGENE"
TREX2,ENSG00000183479,TREX2,three prime repair exonuclease 2 [Source:HGNC Symbol;Acc:HGNC:12270],"ENTREZGENE,GENECARDS,HGNC,UNIPROT_GN,WIKIGENE"
CSNK2A3,ENSG00000254598,CSNK2A3,casein kinase 2 alpha 3 [Source:HGNC Symbol;Acc:HGNC:2458],"ENTREZGENE,GENECARDS,HGNC,UNIPROT_GN,WIKIGENE"
S1PR5,ENSG00000180739,S1PR5,sphingosine-1-phosphate receptor 5 [Source:HGNC Symbol;Acc:HGNC:14299],"ENTREZGENE,GENECARDS,HGNC,UNIPROT_GN,WIKIGENE"
ZNF792,ENSG00000180884,ZNF792,zinc finger protein 792 [Source:HGNC Symbol;Acc:HGNC:24751],"ENTREZGENE,GENECARDS,HGNC,UNIPROT_GN,WIKIGENE"
TREX1,ENSG00000213689,TREX1,three prime repair exonuclease 1 [Source:HGNC Symbol;Acc:HGNC:12269],"ENTREZGENE,GENECARDS,HGNC,UNIPROT_GN,WIKIGENE"
IL1B,ENSG00000125538,IL1B,interleukin 1 beta [Source:HGNC Symbol;Acc:HGNC:5992],"ENTREZGENE,GENECARDS,HGNC,UNIPROT_GN,WIKIGENE"
HOXC5,ENSG00000172789,HOXC5,homeobox C5 [Source:HGNC Symbol;Acc:HGNC:5127],"ENTREZGENE,GENECARDS,HGNC,UNIPROT_GN,WIKIGENE"
LIPT2,ENSG00000175536,LIPT2,lipoyl(octanoyl) transferase 2 [Source:HGNC Symbol;Acc:HGNC:37216],"ENTREZGENE,GENECARDS,HGNC,UNIPROT_GN,WIKIGENE"
MIEF2,ENSG00000177427,MIEF2,mitochondrial elongation factor 2 [Source:HGNC Symbol;Acc:HGNC:17920],"ENTREZGENE,GENECARDS,HGNC,UNIPROT_GN,WIKIGENE"
H1-2,ENSG00000187837,H1-2,"H1.2 linker histone, cluster member [Source:HGNC Symbol;Acc:HGNC:4716]","ENTREZGENE,GENECARDS,HGNC,UNIPROT_GN,WIKIGENE"
CCDC71,ENSG00000177352,CCDC71,coiled-coil domain containing 71 [Source:HGNC Symbol;Acc:HGNC:25760],"ENTREZGENE,GENECARDS,HGNC,UNIPROT_GN,WIKIGENE"
IFIT3,ENSG00000119917,IFIT3,interferon induced protein with tetratricopeptide repeats 3 [Source:HGNC Symbol;Acc:HGNC:5411],"ENTREZGENE,GENECARDS,HGNC,UNIPROT_GN,WIKIGENE"
SAPCD1,ENSG00000228727,SAPCD1,suppressor APC domain containing 1 [Source:HGNC Symbol;Acc:HGNC:13938],"ENTREZGENE,GENECARDS,HGNC,UNIPROT_GN,WIKIGENE"
CLDND2,ENSG00000160318,CLDND2,claudin domain containing 2 [Source:HGNC Symbol;Acc:HGNC:28511],"ENTREZGENE,GENECARDS,HGNC,UNIPROT_GN,WIKIGENE"
STARD6,ENSG00000174448,STARD6,StAR related lipid transfer domain containing 6 [Source:HGNC Symbol;Acc:HGNC:18066],"ENTREZGENE,GENECARDS,HGNC,UNIPROT_GN,WIKIGENE"
HPS6,ENSG00000166189,HPS6,HPS6 biogenesis of lysosomal organelles complex 2 subunit 3 [Source:HGNC Symbol;Acc:HGNC:18817],"ENTREZGENE,GENECARDS,HGNC,UNIPROT_GN,WIKIGENE"
N4BP1,ENSG00000102921,N4BP1,NEDD4 binding protein 1 [Source:HGNC Symbol;Acc:HGNC:29850],"ENTREZGENE,GENECARDS,HGNC,UNIPROT_GN,WIKIGENE"
ZNF784,ENSG00000179922,ZNF784,zinc finger protein 784 [Source:HGNC Symbol;Acc:HGNC:33111],"ENTREZGENE,GENECARDS,HGNC,UNIPROT_GN,WIKIGENE"
TSSK3,ENSG00000162526,TSSK3,testis specific serine kinase 3 [Source:HGNC Symbol;Acc:HGNC:15473],"ENTREZGENE,GENECARDS,HGNC,UNIPROT_GN,WIKIGENE"
HRCT1,ENSG00000196196,HRCT1,histidine rich carboxyl terminus 1 [Source:HGNC Symbol;Acc:HGNC:33872],"ENTREZGENE,GENECARDS,HGNC,UNIPROT_GN,WIKIGENE"
H1-3,ENSG00000124575,H1-3,"H1.3 linker histone, cluster member [Source:HGNC Symbol;Acc:HGNC:4717]","ENTREZGENE,GENECARDS,HGNC,UNIPROT_GN,WIKIGENE"